<?xml version="1.0" encoding="utf-8" standalone="yes"?>
<rss version="2.0" xmlns:atom="http://www.w3.org/2005/Atom">
  <channel>
    <title>manajemen proyek  on Hazuli Fidastian</title>
    <link>https://hazulifidastian.github.io/tags/manajemen-proyek/</link>
    <description>Recent content in manajemen proyek  on Hazuli Fidastian</description>
    <generator>Hugo -- gohugo.io</generator>
    <language>id-id</language>
    <lastBuildDate>Fri, 19 Jun 2020 22:04:00 +0700</lastBuildDate>
    
	<atom:link href="https://hazulifidastian.github.io/tags/manajemen-proyek/index.xml" rel="self" type="application/rss+xml" />
    
    
    <item>
      <title>Project Workflow</title>
      <link>https://hazulifidastian.github.io/project-workflow/</link>
      <pubDate>Fri, 19 Jun 2020 22:04:00 +0700</pubDate>
      
      <guid>https://hazulifidastian.github.io/project-workflow/</guid>
      <description>Flashback Saya pernah menggunakan taiga.io untuk membantu memanajemeni proyek saya. Fiturnya banyak, gratis lagi. Saya pasang di komputer personal memanajemeni proyek dalam lingkungan lokal.
Dulu, saya juga menggunakan redmine, aplikasi manajemen proyek yang dibuat dengan framework ruby on rails. Gratis. Bisa diunduh dan dipasang di komputer personal. Saat itu zaman IDE netbeans sedang hype dan svn masih populer sebagai aplikasi manajemen source code . Berarti sudah lama sekali.
Aplikasi JIRA termasuk yang pernah saya coba, tapi hanya sekedar mencoba.</description>
    </item>
    
  </channel>
</rss>