<?xml version="1.0" encoding="utf-8" standalone="yes"?>
<rss version="2.0" xmlns:atom="http://www.w3.org/2005/Atom">
  <channel>
    <title>deployment on Hazuli Fidastian</title>
    <link>https://hazulifidastian.github.io/tags/deployment/</link>
    <description>Recent content in deployment on Hazuli Fidastian</description>
    <generator>Hugo -- gohugo.io</generator>
    <language>id-id</language>
    <lastBuildDate>Mon, 22 Jun 2020 22:58:05 +0700</lastBuildDate>
    
	<atom:link href="https://hazulifidastian.github.io/tags/deployment/index.xml" rel="self" type="application/rss+xml" />
    
    
    <item>
      <title>GitHub Webhooks dan Python Deployment</title>
      <link>https://hazulifidastian.github.io/github-webhooks-dan-python-deployment/</link>
      <pubDate>Mon, 22 Jun 2020 22:58:05 +0700</pubDate>
      
      <guid>https://hazulifidastian.github.io/github-webhooks-dan-python-deployment/</guid>
      <description>Deskripsi Masalah Seorang developer memiliki aplikasi yang sudah ditahap production. Live, sudah bisa diakses menggunakan internet. Aplikasinya dibangun menggunakan web framework dengan bahasa pemrograman python.
Pada server, developer menggunakan docker sebagai solusi pengepakan aplikasi. Kode disalin ke dalam sebuah image menjadi satu paket dengan sistem operasi didalam container.
Proses deployment yang berjalan sekarang menggunakan cara:
 Aplikasi rsync untuk memperbarui kode yang ada pada server Aplikasi remote ssh untuk mengontrol server Menjalankan perintah pada server untuk memperbarui docker container Menjalankan perintah pada server untuk migrasi database  Prosesnya masih dilakukan secara manual.</description>
    </item>
    
  </channel>
</rss>