<?xml version="1.0" encoding="utf-8" standalone="yes"?>
<rss version="2.0" xmlns:atom="http://www.w3.org/2005/Atom">
  <channel>
    <title>concurency on Hazuli Fidastian</title>
    <link>https://hazulifidastian.github.io/tags/concurency/</link>
    <description>Recent content in concurency on Hazuli Fidastian</description>
    <generator>Hugo -- gohugo.io</generator>
    <language>id-id</language>
    <lastBuildDate>Mon, 02 Mar 2020 06:25:49 +0700</lastBuildDate>
    
	<atom:link href="https://hazulifidastian.github.io/tags/concurency/index.xml" rel="self" type="application/rss+xml" />
    
    
    <item>
      <title>Suspendable App</title>
      <link>https://hazulifidastian.github.io/suspendable-app/</link>
      <pubDate>Mon, 02 Mar 2020 06:25:49 +0700</pubDate>
      
      <guid>https://hazulifidastian.github.io/suspendable-app/</guid>
      <description>Saya akan membagi aplikasi menjadi dua bagian. Pertama adalah bagian yang terus-menerus memantau input yang diberikan user melalui keyboard. Bagian ini akan aktif bersamaan dengan berjalannya aplikasi. Saya akan membuat fungsi yang merespon terhadap kombinasi shortcut keyboard tertentu.
Kedua adalah bagian yang menjalankan pekerjaan utama dalam aplikasi. Bagian ini bisa dikontrol, suspend (ditunda pekerjaannya), resume (dilanjutkan kembali) dan dihentikan.
Error yang terjadi dibagian kedua tidak boleh mempengaruhi bagian pertama. Dan bagian pertama memiliki kontrol penuh terhadap bagian kedua.</description>
    </item>
    
  </channel>
</rss>