<?xml version="1.0" encoding="utf-8" standalone="yes"?>
<rss version="2.0" xmlns:atom="http://www.w3.org/2005/Atom">
  <channel>
    <title>git on Hazuli Fidastian</title>
    <link>https://hazulifidastian.github.io/tags/git/</link>
    <description>Recent content in git on Hazuli Fidastian</description>
    <generator>Hugo -- gohugo.io</generator>
    <language>id-id</language>
    <lastBuildDate>Wed, 24 Jun 2020 16:22:19 +0700</lastBuildDate>
    
	<atom:link href="https://hazulifidastian.github.io/tags/git/index.xml" rel="self" type="application/rss+xml" />
    
    
    <item>
      <title>Git Tips dan Tricks</title>
      <link>https://hazulifidastian.github.io/git-tips-dan-tricks/</link>
      <pubDate>Wed, 24 Jun 2020 16:22:19 +0700</pubDate>
      
      <guid>https://hazulifidastian.github.io/git-tips-dan-tricks/</guid>
      <description>Caching Password git config --global credential.helper cache git push origin master Username dan password akan dicache, git push selanjutnya tidak akan diminta lagi.
Referensi: Caching your GitHub password in Git
Melihat Revisi Commit Melihat revisi commit pada log.
# Menggunakan range id commit. git log --oneline 6ff1760..05474ff # Menggunakan range nama branch. git log --oneline master..origin/master Referensi:
 git-log gitrevision  Melihat Revisi Kode Melihat revisi kode.
# Menggunakan range id commit.</description>
    </item>
    
  </channel>
</rss>