<?xml version="1.0" encoding="utf-8" standalone="yes"?>
<rss version="2.0" xmlns:atom="http://www.w3.org/2005/Atom">
  <channel>
    <title>Categories on Hazuli Fidastian</title>
    <link>https://hazulifidastian.github.io/categories/</link>
    <description>Recent content in Categories on Hazuli Fidastian</description>
    <generator>Hugo -- gohugo.io</generator>
    <language>id-id</language>
    
	<atom:link href="https://hazulifidastian.github.io/categories/index.xml" rel="self" type="application/rss+xml" />
    
    
  </channel>
</rss>