<?xml version="1.0" encoding="utf-8" standalone="yes"?>
<rss version="2.0" xmlns:atom="http://www.w3.org/2005/Atom">
  <channel>
    <title>magit on Hazuli Fidastian</title>
    <link>https://hazulifidastian.github.io/tags/magit/</link>
    <description>Recent content in magit on Hazuli Fidastian</description>
    <generator>Hugo -- gohugo.io</generator>
    <language>id-id</language>
    <lastBuildDate>Mon, 15 Jun 2020 20:39:51 +0700</lastBuildDate>
    
	<atom:link href="https://hazulifidastian.github.io/tags/magit/index.xml" rel="self" type="application/rss+xml" />
    
    
    <item>
      <title>Magit Cheatsheet</title>
      <link>https://hazulifidastian.github.io/magit-cheatsheet/</link>
      <pubDate>Mon, 15 Jun 2020 20:39:51 +0700</pubDate>
      
      <guid>https://hazulifidastian.github.io/magit-cheatsheet/</guid>
      <description>Saya menggunakan Emacs 27, dengan framework konfigurasi Doom. Standarnya, Doom menggunakan emulasi vim menggunakan evil-mode. Jadi cheatsheet yang ada pada artikel ini, terutama shortcut magit-nya tidak akan terlepas dari evil-mode.
Bagi Anda vanilla user, saya memasukkan nama command/perintah untuk melengkapi shortcut key. Agar, jika Anda tidak mengenali key-nya, Anda bisa mengakses perintahnya melalui shortcut M-x.
Shortcut Magit Buffer    Key Command &amp;amp;/ Deskripsi     SPC gg magit-status.</description>
    </item>
    
  </channel>
</rss>