<?xml version="1.0" encoding="utf-8" standalone="yes"?>
<rss version="2.0" xmlns:atom="http://www.w3.org/2005/Atom">
  <channel>
    <title>elementary os on Hazuli Fidastian</title>
    <link>https://hazulifidastian.github.io/tags/elementary-os/</link>
    <description>Recent content in elementary os on Hazuli Fidastian</description>
    <generator>Hugo -- gohugo.io</generator>
    <language>id-id</language>
    <lastBuildDate>Sat, 30 May 2020 16:26:37 +0700</lastBuildDate>
    
	<atom:link href="https://hazulifidastian.github.io/tags/elementary-os/index.xml" rel="self" type="application/rss+xml" />
    
    
    <item>
      <title>Compiling Emacs 27 Ubuntu 18.04</title>
      <link>https://hazulifidastian.github.io/compiling-emacs-27-ubuntu-18-04/</link>
      <pubDate>Sat, 30 May 2020 16:26:37 +0700</pubDate>
      
      <guid>https://hazulifidastian.github.io/compiling-emacs-27-ubuntu-18-04/</guid>
      <description>Proses kompilasi emacs tidak terlalu sulit, hanya perlu mempersiapkan instalasi beberapa tools dan library.
Compile &amp;amp; Install
# Jika OS sudah terinstalasi emacs26, sebaiknya diuninstall terlebih dahulu sudo apt purge emacs26 emacs26-common # Install tools dan library sudo apt install build-essential libx11-dev libxpm-dev libjpeg-dev libpng-dev libgif-dev libtiff-dev libncurses-dev libxpm-dev automake autoconf libgtk-3-dev texinfo # Download source code emacs wget https://github.com/emacs-mirror/emacs/archive/emacs-27.0.91.tar.gz tar -xzf emacs-27.0.91.tar.gz # Konfigurasi dan install emacs cd emacs-27.0.91 .</description>
    </item>
    
    <item>
      <title>Fish Shell Upgrade Error</title>
      <link>https://hazulifidastian.github.io/fish-shell-upgrade-error/</link>
      <pubDate>Sat, 29 Feb 2020 10:12:40 +0700</pubDate>
      
      <guid>https://hazulifidastian.github.io/fish-shell-upgrade-error/</guid>
      <description>Fish shell gagal di upgrade karena issue https://github.com/fish-shell/fish-shell/issues/5822. Package manager gagal me-replace file autocompletion rg.fish.
Penyebabnya adalah, pernah instalasi aplikasi ripgrep menggunakan cargo. Cargo adalah package manager bawaan dari bahasa pemograman rust.
Cargo menjadikan user rigprep sebagai pemilik file rg.fish. Sehingga package manager bawaan OS gagal me-replace file tersebut.
Efek errornya, saya tidak bisa masuk ke terminal. Masuk console melalui shortcut Ctrl-Alt-F1 pun tidak bisa.
Instalasi aplikasi baru juga tidak bisa.</description>
    </item>
    
  </channel>
</rss>