<?xml version="1.0" encoding="utf-8" standalone="yes"?>
<rss version="2.0" xmlns:atom="http://www.w3.org/2005/Atom">
  <channel>
    <title>python on Hazuli Fidastian</title>
    <link>https://hazulifidastian.github.io/tags/python/</link>
    <description>Recent content in python on Hazuli Fidastian</description>
    <generator>Hugo -- gohugo.io</generator>
    <language>id-id</language>
    <lastBuildDate>Wed, 24 Jun 2020 12:11:00 +0700</lastBuildDate>
    
	<atom:link href="https://hazulifidastian.github.io/tags/python/index.xml" rel="self" type="application/rss+xml" />
    
    
    <item>
      <title>Python Mock dan Stub</title>
      <link>https://hazulifidastian.github.io/python-mock-dan-stub/</link>
      <pubDate>Wed, 24 Jun 2020 12:11:00 +0700</pubDate>
      
      <guid>https://hazulifidastian.github.io/python-mock-dan-stub/</guid>
      <description>Mocking os.environ Jika kode yang dites memanggil fungsi os.environ. Gunakan kode dibawah ini untuk melakukan mocking.
import os.environ from unittest import mock @mock.patch.dict(os.environ, {&amp;#39;KEY&amp;#39;: &amp;#39;Value&amp;#39;}) def test_foo(): foo() Mocking time.sleep Patch menggunakan decorator.
from unittest import mock from unittest import TestCase class TestClass(TestCase): @mock.patch(&amp;#39;time.sleep&amp;#39;, return_value=None) def test_func_with_time(self, patched_time_sleep): func_with_time() # Harus dipanggil 1 kali self.assertEqual(1, patched_time_sleep.call_count) Patch menggunakan context manager with.
from unittest import mock from unittest import TestCase class TestClass(TestCase): def test_func_with_time(self): with mock.</description>
    </item>
    
    <item>
      <title>GitHub Webhooks dan Python Deployment</title>
      <link>https://hazulifidastian.github.io/github-webhooks-dan-python-deployment/</link>
      <pubDate>Mon, 22 Jun 2020 22:58:05 +0700</pubDate>
      
      <guid>https://hazulifidastian.github.io/github-webhooks-dan-python-deployment/</guid>
      <description>Deskripsi Masalah Seorang developer memiliki aplikasi yang sudah ditahap production. Live, sudah bisa diakses menggunakan internet. Aplikasinya dibangun menggunakan web framework dengan bahasa pemrograman python.
Pada server, developer menggunakan docker sebagai solusi pengepakan aplikasi. Kode disalin ke dalam sebuah image menjadi satu paket dengan sistem operasi didalam container.
Proses deployment yang berjalan sekarang menggunakan cara:
 Aplikasi rsync untuk memperbarui kode yang ada pada server Aplikasi remote ssh untuk mengontrol server Menjalankan perintah pada server untuk memperbarui docker container Menjalankan perintah pada server untuk migrasi database  Prosesnya masih dilakukan secara manual.</description>
    </item>
    
    <item>
      <title>Django: Login dan Registrasi dengan Akun Google</title>
      <link>https://hazulifidastian.github.io/django-login-dan-registrasi-dengan-akun-google/</link>
      <pubDate>Sat, 13 Jun 2020 04:55:23 +0700</pubDate>
      
      <guid>https://hazulifidastian.github.io/django-login-dan-registrasi-dengan-akun-google/</guid>
      <description>Setelah mempraktekkan tutorial ini, anda akan bisa membuat sendiri fitur login dan registrasi pengguna menggunakan framework django.
Fitur login dan registrasi penguna disini saya bagi menjadi dua. Pertama, pengguna bisa melakukan registrasi dan login menggunakan akun email dan sosial media. Disini saya menggunakan akun google/gmail, facebook, dan twitter. Kemudian kedua, pengguna bisa registrasi manual seperti biasa menggunakan form berisi username dan password.
Artikel pertama ini, kita akan membahas mulai pemasangan django, pembuatan user dan integrasi dengan akun google.</description>
    </item>
    
    <item>
      <title>Suspendable App</title>
      <link>https://hazulifidastian.github.io/suspendable-app/</link>
      <pubDate>Mon, 02 Mar 2020 06:25:49 +0700</pubDate>
      
      <guid>https://hazulifidastian.github.io/suspendable-app/</guid>
      <description>Saya akan membagi aplikasi menjadi dua bagian. Pertama adalah bagian yang terus-menerus memantau input yang diberikan user melalui keyboard. Bagian ini akan aktif bersamaan dengan berjalannya aplikasi. Saya akan membuat fungsi yang merespon terhadap kombinasi shortcut keyboard tertentu.
Kedua adalah bagian yang menjalankan pekerjaan utama dalam aplikasi. Bagian ini bisa dikontrol, suspend (ditunda pekerjaannya), resume (dilanjutkan kembali) dan dihentikan.
Error yang terjadi dibagian kedua tidak boleh mempengaruhi bagian pertama. Dan bagian pertama memiliki kontrol penuh terhadap bagian kedua.</description>
    </item>
    
  </channel>
</rss>