<?xml version="1.0" encoding="utf-8" standalone="yes"?>
<rss version="2.0" xmlns:atom="http://www.w3.org/2005/Atom">
  <channel>
    <title>php on Hazuli Fidastian</title>
    <link>https://hazulifidastian.github.io/tags/php/</link>
    <description>Recent content in php on Hazuli Fidastian</description>
    <generator>Hugo -- gohugo.io</generator>
    <language>id-id</language>
    <lastBuildDate>Thu, 14 May 2020 00:48:53 +0700</lastBuildDate>
    
	<atom:link href="https://hazulifidastian.github.io/tags/php/index.xml" rel="self" type="application/rss+xml" />
    
    
    <item>
      <title>Modul PHP Doom Emacs</title>
      <link>https://hazulifidastian.github.io/modul-php-doom-emacs/</link>
      <pubDate>Thu, 14 May 2020 00:48:53 +0700</pubDate>
      
      <guid>https://hazulifidastian.github.io/modul-php-doom-emacs/</guid>
      <description>Konfigurasi Doom Emacs init.el Jelajah file konfigurasi dengan shorcut SPC f p, kemudian pilih file init.el. Aktifkan beberapa modul dengan cara menghilangkan tanda komentar ;;.
 Modul syntax, ada pada grup :checkers. Modul lsp, ada pada grup :tools. Modul (php +lsp), tambahan +lsp. Ada pada grup :lang.  package.el Aktifkan package phpactor pada file konfigurasi package.el. Buka dengan shorcut SPC f p.
(package! phpactor) Sinkronisasi Konfigurasi Doom Emacs Ketikkan perintah ~/.</description>
    </item>
    
  </channel>
</rss>