<?xml version="1.0" encoding="utf-8" standalone="yes"?>
<rss version="2.0" xmlns:atom="http://www.w3.org/2005/Atom">
  <channel>
    <title>github on Hazuli Fidastian</title>
    <link>https://hazulifidastian.github.io/tags/github/</link>
    <description>Recent content in github on Hazuli Fidastian</description>
    <generator>Hugo -- gohugo.io</generator>
    <language>id-id</language>
    <lastBuildDate>Fri, 19 Jun 2020 22:04:00 +0700</lastBuildDate>
    
	<atom:link href="https://hazulifidastian.github.io/tags/github/index.xml" rel="self" type="application/rss+xml" />
    
    
    <item>
      <title>Project Workflow</title>
      <link>https://hazulifidastian.github.io/project-workflow/</link>
      <pubDate>Fri, 19 Jun 2020 22:04:00 +0700</pubDate>
      
      <guid>https://hazulifidastian.github.io/project-workflow/</guid>
      <description>Flashback Saya pernah menggunakan taiga.io untuk membantu memanajemeni proyek saya. Fiturnya banyak, gratis lagi. Saya pasang di komputer personal memanajemeni proyek dalam lingkungan lokal.
Dulu, saya juga menggunakan redmine, aplikasi manajemen proyek yang dibuat dengan framework ruby on rails. Gratis. Bisa diunduh dan dipasang di komputer personal. Saat itu zaman IDE netbeans sedang hype dan svn masih populer sebagai aplikasi manajemen source code . Berarti sudah lama sekali.
Aplikasi JIRA termasuk yang pernah saya coba, tapi hanya sekedar mencoba.</description>
    </item>
    
    <item>
      <title>Custom Domain Github</title>
      <link>https://hazulifidastian.github.io/custom-domain-github/</link>
      <pubDate>Wed, 28 Jun 2017 08:00:00 +0700</pubDate>
      
      <guid>https://hazulifidastian.github.io/custom-domain-github/</guid>
      <description>&lt;p&gt;Setelah membuat website menggunakan Github, website bisa dibuatkan domain khusus.
Artinya, setiap kita ingin akses ke website tidak perlu menggunakan domain standar
bawaan dari Github hazulifidastian.github.io. Tapi bisa menggunakan alamat yang kita
tentukan sendiri, misalnya alamat saya ini &lt;del&gt;hazulifidastian.my.id&lt;/del&gt; hazulifidastian.id.&lt;/p&gt;</description>
    </item>
    
    <item>
      <title>Membuat Website Gratis Github</title>
      <link>https://hazulifidastian.github.io/membuat-website-gratis-github/</link>
      <pubDate>Wed, 28 Jun 2017 06:00:00 +0700</pubDate>
      
      <guid>https://hazulifidastian.github.io/membuat-website-gratis-github/</guid>
      <description>&lt;p&gt;Membuat website sederhana yang menampilkan profil pribadi atau organisasi bisa
dilakukan dengan menggunakan Github. Kita tidak perlu menyewa jasa penyedia hosting
berbayar. Cukup dengan membuat akun Github fasilitas “hosting” web bisa digunakan
secara gratis.&lt;/p&gt;</description>
    </item>
    
  </channel>
</rss>