<?xml version="1.0" encoding="utf-8" standalone="yes"?>
<rss version="2.0" xmlns:atom="http://www.w3.org/2005/Atom">
  <channel>
    <title>ubuntu on Hazuli Fidastian</title>
    <link>https://hazulifidastian.id/tags/ubuntu/</link>
    <description>Recent content in ubuntu on Hazuli Fidastian</description>
    <generator>Hugo -- gohugo.io</generator>
    <language>en-us</language>
    <lastBuildDate>Sat, 30 May 2020 16:26:37 +0700</lastBuildDate>
    
	<atom:link href="https://hazulifidastian.id/tags/ubuntu/index.xml" rel="self" type="application/rss+xml" />
    
    
    <item>
      <title>Compiling Emacs 27 Ubuntu 18.04</title>
      <link>https://hazulifidastian.id/compiling-emacs-27-ubuntu-18-04/</link>
      <pubDate>Sat, 30 May 2020 16:26:37 +0700</pubDate>
      
      <guid>https://hazulifidastian.id/compiling-emacs-27-ubuntu-18-04/</guid>
      <description>Proses kompilasi emacs tidak terlalu sulit, hanya perlu mempersiapkan instalasi beberapa tools dan library.
Compile &amp;amp; Install
# Jika OS sudah terinstalasi emacs26, sebaiknya diuninstall terlebih dahulu sudo apt purge emacs26 emacs26-common # Install tools dan library sudo apt install build-essential libx11-dev libxpm-dev libjpeg-dev libpng-dev libgif-dev libtiff-dev libncurses-dev libxpm-dev automake autoconf libgtk-3-dev texinfo # Download source code emacs wget https://github.com/emacs-mirror/emacs/archive/emacs-27.0.91.tar.gz tar -xzf emacs-27.0.91.tar.gz # Konfigurasi dan install emacs cd emacs-27.0.91 .</description>
    </item>
    
  </channel>
</rss>