<?xml version="1.0" encoding="utf-8" standalone="yes"?>
<rss version="2.0" xmlns:atom="http://www.w3.org/2005/Atom">
  <channel>
    <title>project management on Hazuli Fidastian</title>
    <link>https://hazulifidastian.id/tags/project-management/</link>
    <description>Recent content in project management on Hazuli Fidastian</description>
    <generator>Hugo -- gohugo.io</generator>
    <language>en-us</language>
    <lastBuildDate>Mon, 22 Jun 2020 22:58:05 +0700</lastBuildDate>
    
	<atom:link href="https://hazulifidastian.id/tags/project-management/index.xml" rel="self" type="application/rss+xml" />
    
    
    <item>
      <title>GitHub Webhooks &amp; Python Deployment</title>
      <link>https://hazulifidastian.id/github-webhooks-dan-python-deployment/</link>
      <pubDate>Mon, 22 Jun 2020 22:58:05 +0700</pubDate>
      
      <guid>https://hazulifidastian.id/github-webhooks-dan-python-deployment/</guid>
      <description>Saya akan membahas cara menangani GitHub webhooks menggunakan server python. Apa yang saya tulis disini adalah contoh sederhana, tanpa menggunakan web framework apapun. Hanya mengandalkan library yang sudah disediakan oleh python.
Deskripsi Masalah Seorang developer memiliki aplikasi yang sudah ditahap production. Live, sudah bisa diakses menggunakan internet. Aplikasinya dibangun menggunakan web framework dengan bahasa pemrograman python.
Pada server, developer menggunakan docker sebagai solusi pengepakan aplikasi. Kode disalin ke dalam sebuah image menjadi satu paket dengan sistem operasi didalam container.</description>
    </item>
    
  </channel>
</rss>